80.66.76.108, RU
94.232.47.50, RU
20.82.132.48, IE
94.232.42.14, RU
80.66.88.180, RU
80.66.88.198, RU
80.66.88.209, RU
80.66.76.105, RU
80.66.88.186, RU
45.9.20.77, RU
80.66.88.245, RU
45.9.20.23, RU
80.66.88.216, RU
80.66.88.220, RU
80.66.88.213, RU
80.66.88.192, RU
80.66.88.228, RU
45.9.20.26, RU
80.66.88.197, RU
80.66.76.102, RU
80.66.88.183, RU
80.66.88.214, RU
75.101.197.29, US
94.232.47.15, RU
80.66.88.206, RU
80.66.88.205, RU
80.66.88.242, RU
80.66.76.101, RU
80.66.88.234, RU
45.9.20.7, RU
80.66.88.243, RU
80.66.88.194, RU
80.66.88.221, RU
80.66.88.241, RU
80.66.88.212, RU
80.66.88.239, RU
80.66.88.231, RU
45.9.20.22, RU
80.66.88.247, RU
80.66.88.202, RU
80.66.88.224, RU
193.93.62.20, LV
80.66.88.182, RU
80.66.88.215, RU
80.66.88.201, RU
80.66.88.203, RU
80.66.76.113, RU
80.66.88.211, RU
80.66.88.193, RU
94.232.47.170, RU
80.66.88.210, RU
80.66.88.208, RU
80.66.88.188, RU
80.66.88.237, RU
80.66.88.204, RU
193.93.62.33, LV
80.66.76.114, RU
80.66.88.219, RU
80.66.88.189, RU
80.66.88.190, RU
80.66.88.249, RU
80.66.88.200, RU
80.66.88.187, RU
80.66.88.184, RU
80.66.88.222, RU
80.66.88.225, RU
80.66.76.100, RU
80.66.76.103, RU
80.66.88.207, RU
80.66.88.233, RU
45.9.20.27, RU
80.66.88.226, RU
80.66.76.104, RU
185.189.167.24, RU
188.124.47.44, RU
80.66.88.232, RU
80.66.88.235, RU
80.66.88.230, RU
80.66.88.229, RU
80.66.88.185, RU
45.9.20.72, RU
80.66.88.218, RU
35.240.161.197, SG
80.66.88.195, RU
80.66.76.116, RU
80.66.88.244, RU
80.66.76.109, RU
80.66.76.111, RU
80.66.76.110, RU
80.66.76.106, RU
80.66.88.227, RU
80.66.88.223, RU
80.66.88.196, RU
80.66.88.191, RU
80.66.88.246, RU
45.9.20.6, RU
80.66.76.115, RU
80.66.76.112, RU
80.66.88.248, RU
80.66.88.217, RU
80.66.88.240, RU
80.66.88.236, RU
80.66.76.117, RU
206.214.254.68, CA
45.9.20.24, RU
195.133.20.248, CZ
104.192.2.78, US
45.9.20.21, RU
80.66.76.107, RU
3.140.194.241, US
20.102.76.69, US
167.86.79.100, DE
3.224.114.141, US
75.44.232.75, US
81.21.86.170, AZ
94.245.93.228, IE
94.232.43.15, RU
109.169.89.10, GB
87.127.198.86, GB
94.232.43.65, RU
103.89.59.26, IN
94.232.43.14, RU
94.232.42.23, RU
194.165.16.71, MC
94.232.43.62, RU
193.56.146.176, RU
3.236.179.91, US
94.232.44.10, RU
87.251.64.160, RU
94.232.43.32, RU
112.29.139.34, CN
194.165.16.76, MC
94.232.43.68, RU
94.232.42.104, RU
192.210.173.16, US
60.246.119.56, MO
199.21.220.7, US
194.165.17.8, MC
85.215.251.198, DE
94.232.42.105, RU
94.232.43.63, RU
45.227.254.26, LT
94.232.43.67, RU
52.188.13.157, US
45.227.254.52, LT
40.88.141.67, US
94.232.47.58, RU
23.126.29.217, US
45.135.232.197, RU
194.165.16.73, MC
194.165.16.37, MC
20.124.96.33, US
45.227.254.10, LT
94.232.42.95, RU
45.227.254.49, LT
94.232.43.34, RU
185.156.72.3, UA
45.227.254.54, LT
185.190.24.11, AX
87.251.64.140, RU
94.232.47.180, RU
20.119.69.197, US
94.232.42.96, RU
20.89.43.217, JP
20.65.53.45, US
45.141.84.54, RU
212.103.60.106, DE
45.141.87.27, RU
193.56.146.181, RU
87.251.67.99, PL
103.119.223.129, IN
203.112.133.226, IN
87.251.64.35, RU
194.165.16.78, MC
168.62.163.190, US
193.151.214.62, RU
194.165.16.75, MC
43.245.46.142, MM
143.198.16.127, US
217.165.118.6, AE
45.227.254.56, LT
94.232.42.15, RU
194.165.16.10, MC
167.99.115.34, US
137.184.236.154, US
104.248.47.242, DE
52.188.22.145, US
103.142.174.120, IN
5.181.86.17, UA
94.232.41.27, RU
203.159.80.112, NL
45.227.254.51, LT
69.160.241.182, US
94.232.43.33, RU
45.227.254.53, LT
176.111.173.77, EE
134.209.104.62, SG
193.93.62.7, LV
194.165.16.11, MC
37.57.137.208, UA
194.165.16.77, MC
89.34.27.87, RO
87.236.212.140, GB
51.143.8.104, US
94.232.43.31, RU
87.251.67.97, PL
218.149.244.241, KR
45.227.254.48, LT
94.232.43.61, RU
20.121.197.183, US
94.232.43.10, RU
89.58.4.93, DE
40.114.89.30, US
70.35.195.69, US
138.219.192.242, BR
194.165.16.72, MC
193.93.62.9, LV
194.58.88.127, RU
20.115.132.184, US
194.165.17.10, MC
194.165.16.25, MC
147.78.47.15, NL
176.111.173.41, EE
91.213.50.165, RU
147.78.47.10, NL
147.78.47.11, NL
147.78.47.12, NL
62.233.50.179, RU
147.78.47.13, NL
147.78.47.14, NL
193.93.62.10, LV
193.93.62.23, LV
193.93.62.35, LV
193.93.62.11, LV
193.93.62.60, LV
193.93.62.36, LV
193.93.62.46, LV
123.242.137.140, TH
202.139.216.67, TH
92.255.85.194, HK
193.93.62.47, LV
45.116.117.56, IN
213.6.104.235, PS
193.93.62.81, LV
193.93.62.101, LV
193.93.62.91, LV
194.233.81.141, SG
13.68.245.246, US
51.137.182.94, GB
147.182.215.55, US
91.213.50.167, RU
40.71.222.37, US
202.144.145.254, BT
45.227.254.55, LT
138.91.121.193, US
20.115.32.18, US
37.152.188.162, IR
3.219.56.44, US
103.134.249.35, IN
94.232.44.11, RU
94.232.43.64, RU
80.66.76.146, RU
194.28.112.140, NL
176.111.173.157, EE
108.50.147.2, US
176.113.115.151, RU
18.136.119.180, SG
45.124.84.194, VN
94.232.47.190, RU
94.232.44.12, RU
20.85.226.151, US
20.85.227.106, US
20.127.28.187, US
20.127.64.124, US
45.146.166.234, RU
162.83.143.164, US
103.123.8.139, BD
3.227.18.2, US
20.127.121.197, US
54.184.163.17, US
193.56.146.51, RU
85.153.156.191, TR
93.119.12.210, NL
87.251.75.179, RU
193.93.62.22, LV
193.93.62.6, LV
52.226.124.246, US
137.184.236.98, US
87.251.67.65, PL
87.251.67.98, PL
194.165.17.16, MC
62.233.50.113, RU
138.128.79.188, US
168.63.134.134, HK
94.232.41.160, RU
20.39.61.144, US
173.249.57.79, DE
45.137.21.166, NL
115.187.44.249, IN
45.146.164.61, RU
195.54.161.250, RU
92.255.85.192, HK
13.76.186.157, SG
20.127.53.223, US
194.26.29.113, RU
193.3.19.128, RU
20.104.245.238, CA
118.101.74.77, MY
20.127.34.102, US
91.241.19.11, RU
92.255.85.193, HK
105.112.182.175, NG
80.66.88.238, RU
20.90.254.200, GB
193.56.146.191, RU
204.44.98.73, US
20.87.50.39, ZA
173.225.107.67, US
203.112.134.182, IN
185.190.24.5, AX
52.170.41.27, US
85.215.218.206, DE
77.237.91.2, IR
68.183.220.94, DE
52.224.56.56, US
194.31.98.165, NL
94.232.47.53, RU
157.56.183.187, US
20.212.87.178, SG
20.127.73.70, US
216.186.207.115, US
13.82.67.84, US
121.5.178.12, CN
77.83.36.21, UA
106.75.14.168, CN
188.121.122.95, IR
94.232.47.51, RU
80.253.152.178, IR
40.70.76.143, US
62.159.231.10, DE
5.201.186.10, IR
221.120.160.130, KH
193.56.146.208, RU
121.254.156.104, KR
40.118.213.201, US
37.0.10.28, NL
13.87.65.174, GB
178.163.23.108, RU
20.24.38.39, SG
194.16.194.130, SE
87.251.67.64, PL
123.21.32.236, VN
35.170.53.184, US
168.62.58.1, US
92.255.85.173, HK
40.83.131.15, US
136.243.46.79, DE
20.124.215.17, US
104.208.140.213, US
59.103.228.5, PK
20.124.255.229, US
176.111.173.75, EE
13.82.228.145, US
3.88.63.53, US
202.157.177.14, MY
91.241.19.109, RU
209.145.63.181, US
103.123.10.115, BD
211.34.105.23, KR
44.200.56.177, US
104.200.137.20, US
54.151.156.198, SG
91.241.19.103, RU
195.133.18.101, CZ
179.43.133.46, CH
20.124.227.68, US
20.106.137.199, US
201.103.81.228, MX
43.129.83.142, HK
117.80.87.119, CN
182.0.231.136, ID
20.102.65.155, US
40.76.36.89, US
20.194.108.229, KR
20.73.47.192, NL
165.227.223.156, US
172.93.195.18, US
185.56.150.158, DE
176.113.115.31, RU
174.64.231.201, US
40.71.126.183, US
203.154.18.67, TH
181.30.28.144, AR
220.133.167.203, TW
176.9.70.206, DE
136.25.184.139, US
13.72.76.116, US
77.88.224.117, GB
203.76.177.214, IN
2.144.6.22, IR
130.185.120.122, NL
194.26.29.48, RU
164.90.196.63, NL
184.168.123.7, SG
31.171.72.162, AZ
147.78.47.25, NL
185.190.24.83, AX
20.127.115.250, US
3.231.83.41, US
209.9.111.45, US
91.240.242.15, MD
137.184.234.232, US
12.191.171.243, US
204.44.127.20, US
20.65.45.242, US
94.20.191.45, AZ
20.86.176.81, NL
20.102.51.21, US
172.104.164.117, SG
20.127.68.144, US
94.232.41.216, RU
13.82.180.35, US
52.226.32.60, US
141.98.83.140, PA
31.43.185.31, UA
94.232.41.165, RU
194.26.29.40, RU
104.211.242.249, IN
194.26.29.11, RU
85.236.19.62, RU
194.26.29.24, RU
31.43.185.9, UA
20.65.46.15, US
18.206.135.127, US
45.93.201.29, RU
194.165.17.3, MC
54.208.55.108, US
104.248.158.250, SG
45.145.67.224, RU
52.255.175.106, US
62.233.50.157, RU
193.169.254.227, PL
46.161.27.5, RU
188.121.122.167, IR
87.251.67.120, PL
206.189.81.177, SG
181.30.39.44, AR
181.30.28.23, AR
91.240.242.16, MD
35.240.173.123, SG
176.193.1.36, RU
172.105.37.201, IN
20.25.6.131, US
153.153.151.128, JP
20.120.93.94, US
190.188.246.124, AR
88.208.236.100, GB
3.131.162.202, US
20.25.25.32, US
20.25.7.35, US
20.104.125.8, CA
141.98.83.141, PA
141.98.83.142, PA
185.190.24.86, AX
185.190.24.90, AX
52.183.59.219, US
20.127.16.10, US
185.190.24.108, AX
20.231.49.205, US
23.253.50.91, US
20.231.63.142, US
40.81.199.112, JP
52.179.12.109, US
52.179.15.97, US
52.179.139.202, US
52.190.185.116, US
52.190.185.140, US
20.185.246.217, US
52.224.13.193, US
52.246.168.244, JP
124.221.102.193, CN
52.255.236.51, US
185.136.150.222, IQ
104.45.239.13, US
137.116.133.137, SG
137.117.10.97, US
52.226.87.43, US
138.91.238.102, US
157.56.164.34, US
52.42.30.212, US
85.215.215.83, DE
23.96.6.144, US
20.102.80.228, US
181.214.206.154, NL
212.26.144.169, UA
103.126.57.67, ID
52.224.164.15, US
191.101.130.143, US
101.36.108.161, HK
185.185.133.58, IL
176.111.173.99, EE
103.74.122.164, VN
68.69.184.70, US
46.221.21.90, TR
92.255.85.161, HK
20.228.248.49, US
174.138.47.142, US
147.78.47.55, NL
20.127.27.90, US
20.25.62.253, US
18.193.157.226, DE
20.114.154.138, US
98.152.200.170, US
181.52.85.53, CO
65.108.102.39, FI
102.50.245.244, MA
182.77.60.150, IN
94.232.47.95, RU
194.165.16.18, MC
61.219.165.218, TW
104.167.221.30, US
206.189.143.235, IN
2.56.57.187, NL
190.85.227.211, CO
47.180.84.125, US
77.83.36.225, UA
45.154.214.246, US
20.124.197.254, US
104.244.72.207, LU
43.128.85.62, SG
202.155.231.147, HK
20.127.0.140, US
212.193.30.226, CZ
164.92.253.67, DE
138.99.216.8, BZ
52.163.96.139, SG
104.239.194.75, US
45.93.201.97, RU
212.114.52.46, DE
101.33.45.220, SG
20.229.7.204, NL
94.232.41.209, RU
45.93.201.9, RU
190.85.235.65, CO
96.10.18.61, US
94.232.47.157, RU
94.232.47.96, RU
103.132.149.132, IN
147.78.47.145, NL
45.93.201.100, RU
94.232.47.6, RU
5.181.86.5, UA
147.78.47.147, NL
188.116.30.96, AE
5.181.86.45, UA
147.78.47.75, NL
137.135.123.16, US
45.93.201.99, RU
194.165.16.29, MC
147.78.47.149, NL
147.78.47.153, NL
5.181.86.20, UA
147.78.47.74, NL
5.181.86.25, UA
194.165.16.17, MC
20.25.17.188, US
147.78.47.146, NL
194.165.16.158, MC
5.181.86.10, UA
20.119.69.56, US
147.78.47.17, NL
194.165.16.16, MC
104.45.131.175, US
159.89.159.204, US
209.250.224.108, GB
5.181.86.35, UA
5.181.86.30, UA
46.161.27.48, RU
94.232.41.213, RU
5.181.80.168, BG
147.78.47.154, NL
20.25.20.143, US
103.161.17.249, VN
5.181.86.40, UA
147.78.47.168, NL
5.181.86.15, UA
104.42.5.165, US
141.98.81.137, NL
52.186.144.107, US
192.3.136.76, US
118.70.109.40, VN
94.158.54.23, UZ
20.185.69.155, US
77.39.107.58, RU
94.232.47.54, RU
193.56.146.136, RU
45.134.19.111, US
20.228.195.130, US
117.239.226.93, IN
5.181.86.50, UA
198.54.135.187, US
117.239.226.83, IN
20.105.160.134, NL
94.232.47.63, RU
40.69.135.221, US
42.200.153.143, HK
210.212.229.180, IN
20.73.12.222, NL
20.124.39.228, US
94.232.47.93, RU
91.134.208.177, FR
68.168.213.111, US
20.25.97.127, US
136.243.26.73, DE
106.12.100.168, CN
219.139.40.10, CN
212.102.35.133, NL
182.72.154.234, IN
52.226.70.123, US
52.140.211.42, JP
192.227.158.53, US
13.82.225.15, US
23.98.64.30, SG
20.25.57.75, US
87.251.64.158, RU
94.232.41.214, RU
185.228.19.218, US
40.117.177.45, US
94.232.47.61, RU
94.232.47.59, RU
91.122.194.239, RU
184.185.167.102, US
212.102.35.65, NL
52.188.17.26, US
20.115.121.164, US
20.228.203.199, US
31.43.185.3, UA
94.232.47.56, RU
20.228.139.178, US
141.98.10.207, LT
52.191.28.142, US
3.8.28.214, GB
3.71.189.148, DE
20.123.16.83, IE
176.74.12.71, RU
31.43.185.8, UA
44.200.67.210, US
12.203.84.219, US
181.214.206.68, NL
47.181.68.46, US
149.56.29.150, CA
94.232.41.220, RU
20.121.187.86, US
152.70.148.27, US
18.176.224.25, JP
13.76.213.152, SG
94.232.47.92, RU
88.215.1.5, GB
176.111.173.247, EE
143.198.11.61, US
94.232.47.12, RU
147.78.47.54, NL
20.25.21.46, US
172.99.249.208, US
20.231.127.162, US
20.124.117.111, US
51.140.240.190, GB
5.181.86.98, UA
179.60.150.109, BZ
158.255.2.211, CN
40.80.156.203, US
94.232.47.4, RU
191.96.168.182, NL
94.232.47.13, RU
128.1.41.11, HK
164.90.170.137, DE
58.179.134.126, AU
94.232.47.151, RU
38.242.200.26, US
3.15.17.68, US
179.60.149.14, NI
20.223.156.238, IE
205.185.115.92, US
13.86.23.194, US
191.96.168.198, NL
209.141.36.253, US
94.232.47.97, RU
37.192.141.102, RU
150.66.11.199, JP
104.238.116.169, US
116.80.72.109, JP
92.222.180.101, FR
185.252.101.72, LB
50.238.81.32, US
74.92.114.17, US
192.169.213.124, US
103.208.27.18, TH
89.58.26.151, DE
50.63.14.233, US
89.58.27.124, DE
212.102.35.13, NL
52.247.199.88, US
103.249.206.84, IN
20.231.12.44, US
222.117.52.67, KR
34.64.101.177, KR
94.232.47.62, RU
181.30.39.30, AR
52.234.216.12, US
161.97.87.123, DE
94.232.41.210, RU
94.232.47.11, RU
3.109.2.220, IN
20.25.6.188, US
103.145.177.218, ID
103.153.92.75, IN
137.116.59.116, US
20.113.149.177, DE
20.231.22.96, US
200.89.175.111, AR
94.232.47.55, RU
94.232.47.8, RU
195.78.54.243, NL
45.93.201.140, RU
192.34.61.172, US
94.232.47.155, RU
94.232.41.219, RU
141.98.80.114, PA
52.157.0.226, US
185.172.110.211, NL
94.232.41.211, RU
128.199.93.0, SG
94.232.47.158, RU
94.232.47.57, RU
43.134.182.6, SG
66.228.44.127, US
45.134.26.106, RU
94.232.41.208, RU
113.162.235.193, VN
94.232.47.9, RU
212.102.35.10, NL
58.186.205.49, VN
105.112.16.177, NG
45.9.20.90, RU
34.209.235.49, US
24.17.130.232, US
20.232.179.178, US
40.121.157.120, US
34.88.14.96, FI
130.185.118.101, DE
178.32.5.213, FR
18.208.114.132, US
46.180.95.180, RU
94.232.47.52, RU
20.231.76.73, US
94.16.104.113, AT
94.232.47.94, RU
212.102.35.146, NL
20.25.57.93, US
18.139.9.64, SG
5.161.55.116, DE
52.87.13.181, US
212.22.65.5, RU
94.232.47.152, RU
5.161.91.248, DE
5.161.55.245, DE
5.161.85.243, DE
5.161.92.227, DE
5.161.54.144, DE
5.161.74.249, DE
5.161.64.131, DE
5.161.64.136, DE
5.161.90.252, DE
45.9.20.11, RU
95.188.79.135, RU
103.161.17.45, VN
94.232.41.218, RU
20.125.57.159, US
94.232.47.14, RU
34.136.236.11, US
185.232.52.46, SC
94.232.41.207, RU
167.99.114.155, US
95.217.157.138, FI
218.149.142.234, KR
44.203.136.8, US
142.93.148.28, CA
51.124.206.159, NL
113.190.245.2, VN
122.114.37.40, CN
118.69.123.178, VN
94.232.41.212, RU
183.47.36.6, CN
185.78.29.192, RU
20.231.52.72, US
194.195.243.88, DE
52.167.62.202, US
36.93.18.219, ID
147.78.47.53, NL
5.181.86.8, UA
52.152.239.60, US
45.178.180.123, BR
94.232.47.7, RU
93.187.33.114, IQ
138.201.117.136, DE
152.228.148.186, FR
98.143.255.25, CA
182.74.67.179, IN
20.107.17.0, NL
20.127.71.216, US
172.99.249.33, US
45.155.204.61, RU
94.232.47.163, RU
103.53.211.200, CN
103.17.232.110, AU
40.117.145.78, US
18.144.32.215, US
220.195.4.163, CN
136.144.41.187, NL
51.105.25.221, GB
193.142.146.216, DE
3.35.199.140, KR
51.79.254.153, SG
188.86.23.146, ES
88.99.138.238, DE
103.107.94.182, IN
114.79.151.170, IN
74.81.32.94, US
41.250.164.66, MA
3.91.2.207, US
20.124.184.48, US
95.183.35.125, RU
44.193.72.199, US
188.168.23.96, RU
51.68.218.91, FR
44.193.207.206, US
213.192.3.90, CZ
182.76.59.107, IN
